/*
SQLyog Community v13.3.0 (64 bit)
MySQL - 10.4.32-MariaDB : Database - clojure_movie-store
*********************************************************************
*/

/*!40101 SET NAMES utf8 */;

/*!40101 SET SQL_MODE=''*/;

/*!40014 SET @OLD_UNIQUE_CHECKS=@@UNIQUE_CHECKS, UNIQUE_CHECKS=0 */;
/*!40014 SET @OLD_FOREIGN_KEY_CHECKS=@@FOREIGN_KEY_CHECKS, FOREIGN_KEY_CHECKS=0 */;
/*!40101 SET @OLD_SQL_MODE=@@SQL_MODE, SQL_MODE='NO_AUTO_VALUE_ON_ZERO' */;
/*!40111 SET @OLD_SQL_NOTES=@@SQL_NOTES, SQL_NOTES=0 */;
CREATE DATABASE /*!32312 IF NOT EXISTS*/`clojure_movie-store` /*!40100 DEFAULT CHARACTER SET utf8mb4 */;

USE `clojure_movie-store`;

/*Table structure for table `actors` */

DROP TABLE IF EXISTS `actors`;

CREATE TABLE `actors` (
  `Id` int(11) NOT NULL AUTO_INCREMENT,
  `ProfilePictureURL` varchar(255) DEFAULT NULL,
  `FullName` varchar(255) DEFAULT NULL,
  `Bio` varchar(255) DEFAULT NULL,
  PRIMARY KEY (`Id`)
) ENGINE=InnoDB AUTO_INCREMENT=6 DEFAULT CHARSET=utf8mb4;

/*Data for the table `actors` */

insert  into `actors`(`Id`,`ProfilePictureURL`,`FullName`,`Bio`) values
(1,'http://dotnethow.net/images/actors/actor-5.jpeg','Actor 5','This is the Bio of the fifth actor'),
(2,'http://dotnethow.net/images/actors/actor-4.jpeg','Actor 4','This is the Bio of the fourth actor'),
(3,'http://dotnethow.net/images/actors/actor-3.jpeg','Actor 3','This is the Bio of the third actor'),
(4,'http://dotnethow.net/images/actors/actor-2.jpeg','Actor 2','This is the Bio of the second actor'),
(5,'http://dotnethow.net/images/actors/actor-1.jpeg','Actor 1','This is the Bio of the first actor');

/*Table structure for table `actors_movies` */

DROP TABLE IF EXISTS `actors_movies`;

CREATE TABLE `actors_movies` (
  `MovieId` int(11) NOT NULL,
  `ActorId` int(11) NOT NULL,
  PRIMARY KEY (`MovieId`,`ActorId`),
  KEY `fk_id_actors` (`ActorId`),
  CONSTRAINT `fk_id_actors` FOREIGN KEY (`ActorId`) REFERENCES `actors` (`Id`) ON DELETE CASCADE,
  CONSTRAINT `fk_id_movies` FOREIGN KEY (`MovieId`) REFERENCES `movies` (`Id`) ON DELETE CASCADE
) ENGINE=InnoDB DEFAULT CHARSET=utf8mb4;

/*Data for the table `actors_movies` */

insert  into `actors_movies`(`MovieId`,`ActorId`) values
(1,1),
(1,3),
(2,1),
(2,4),
(3,1),
(3,2),
(3,5),
(4,2),
(4,3),
(4,4),
(5,2),
(5,3),
(5,4),
(5,5),
(6,3),
(6,4),
(6,5);

/*Table structure for table `cinemas` */

DROP TABLE IF EXISTS `cinemas`;

CREATE TABLE `cinemas` (
  `Id` int(11) NOT NULL AUTO_INCREMENT,
  `Logo` varchar(255) DEFAULT NULL,
  `Name` varchar(255) DEFAULT NULL,
  `Description` varchar(255) DEFAULT NULL,
  PRIMARY KEY (`Id`)
) ENGINE=InnoDB AUTO_INCREMENT=6 DEFAULT CHARSET=utf8mb4;

/*Data for the table `cinemas` */

insert  into `cinemas`(`Id`,`Logo`,`Name`,`Description`) values
(1,'http://dotnethow.net/images/cinemas/cinema-1.jpeg','Cinema 1','This is the description of the first cinema'),
(2,'http://dotnethow.net/images/cinemas/cinema-2.jpeg','Cinema 2','This is the description of the second cinema'),
(3,'http://dotnethow.net/images/cinemas/cinema-3.jpeg','Cinema 3','This is the description of the third cinema'),
(4,'http://dotnethow.net/images/cinemas/cinema-4.jpeg','Cinema 4','This is the description of the fourth cinema'),
(5,'http://dotnethow.net/images/cinemas/cinema-5.jpeg','Cinema 5','This is the description of the fifth cinema');

/*Table structure for table `movies` */

DROP TABLE IF EXISTS `movies`;

CREATE TABLE `movies` (
  `Id` int(11) NOT NULL AUTO_INCREMENT,
  `Name` varchar(255) DEFAULT NULL,
  `Description` varchar(255) DEFAULT NULL,
  `Price` double NOT NULL,
  `ImageURL` varchar(255) DEFAULT NULL,
  `StartDate` date NOT NULL,
  `EndDate` date NOT NULL,
  `MovieCategory` varchar(255) DEFAULT NULL,
  `CinemaId` int(11) NOT NULL,
  `ProducerId` int(11) NOT NULL,
  PRIMARY KEY (`Id`),
  KEY `fk_id_cinemas` (`CinemaId`),
  KEY `fk_id_producers` (`ProducerId`),
  CONSTRAINT `fk_id_cinemas` FOREIGN KEY (`CinemaId`) REFERENCES `cinemas` (`Id`) ON DELETE CASCADE,
  CONSTRAINT `fk_id_producers` FOREIGN KEY (`ProducerId`) REFERENCES `producers` (`Id`) ON DELETE CASCADE
) ENGINE=InnoDB AUTO_INCREMENT=7 DEFAULT CHARSET=utf8mb4;

/*Data for the table `movies` */

insert  into `movies`(`Id`,`Name`,`Description`,`Price`,`ImageURL`,`StartDate`,`EndDate`,`MovieCategory`,`CinemaId`,`ProducerId`) values
(1,'Scoob','This is the Scoob movie description',45.5,'http://dotnethow.net/images/movies/movie-7.jpeg','2024-08-10','2024-09-10','Cartoon',1,3),
(2,'Race','This is the Race movie description',40.5,'http://dotnethow.net/images/movies/movie-6.jpeg','2024-08-15','2024-09-15','Cartoon',1,2),
(3,'Ghost','This is the Ghost movie description',55.5,'http://dotnethow.net/images/movies/movie-4.jpeg','2024-08-16','2024-09-16','Cartoon',4,4),
(4,'The Shawshank Redemption','This is the The Shawshank Redemption movie description',29.5,'http://dotnethow.net/images/movies/movie-1.jpeg','2024-08-20','2024-09-20','Cartoon',1,1),
(5,'Life','This is the Life movie description',30.5,'http://dotnethow.net/images/movies/movie-3.jpeg','2024-08-25','2024-09-25','Cartoon',3,3),
(6,'Cold Soles','This is the Cold Soles movie description',40.5,'http://dotnethow.net/images/movies/movie-8.jpeg','2024-08-30','2024-09-30','Cartoon',1,5);

/*Table structure for table `producers` */

DROP TABLE IF EXISTS `producers`;

CREATE TABLE `producers` (
  `Id` int(11) NOT NULL AUTO_INCREMENT,
  `ProfilePictureURL` varchar(255) DEFAULT NULL,
  `FullName` varchar(255) DEFAULT NULL,
  `Bio` varchar(255) DEFAULT NULL,
  PRIMARY KEY (`Id`)
) ENGINE=InnoDB AUTO_INCREMENT=6 DEFAULT CHARSET=utf8mb4;

/*Data for the table `producers` */

insert  into `producers`(`Id`,`ProfilePictureURL`,`FullName`,`Bio`) values
(1,'http://dotnethow.net/images/producers/producer-5.jpeg','Producer 5','This is the Bio of the fifth producer'),
(2,'http://dotnethow.net/images/producers/producer-4.jpeg','Producer 4','This is the Bio of the fourth producer'),
(3,'http://dotnethow.net/images/producers/producer-3.jpeg','Producer 3','This is the Bio of the third producer'),
(4,'http://dotnethow.net/images/producers/producer-2.jpeg','Producer 2','This is the Bio of the second producer'),
(5,'http://dotnethow.net/images/producers/producer-1.jpeg','Producer 1','This is the Bio of the first producer');

/*!40101 SET SQL_MODE=@OLD_SQL_MODE */;
/*!40014 SET FOREIGN_KEY_CHECKS=@OLD_FOREIGN_KEY_CHECKS */;
/*!40014 SET UNIQUE_CHECKS=@OLD_UNIQUE_CHECKS */;
/*!40111 SET SQL_NOTES=@OLD_SQL_NOTES */;
